{
  "Hercules": {
    "singles": 1786.2119202782046,
    "doubles": 2018.9462273491856,
    "singles_games": 13,
    "doubles_games": 51
  },
  "Indigo": {
    "singles": 1535.4155105101636,
    "doubles": 1732.6667051811894,
    "singles_games": 5,
    "doubles_games": 4
  },
  "Barry": {
    "singles": 1500,
    "doubles": 1396.2947456594543,
    "singles_games": 0,
    "doubles_games": 18
  },
  "HoiHin": {
    "singles": 1500,
    "doubles": 1506.7543026763055,
    "singles_games": 0,
    "doubles_games": 6
  },
  "Monty": {
    "singles": 1461.7031418457434,
    "doubles": 1229.1687675580745,
    "singles_games": 15,
    "doubles_games": 40
  },
  "William": {
    "singles": 1720.014627900936,
    "doubles": 1743.062627995139,
    "singles_games": 6,
    "doubles_games": 10
  },
  "Sahej": {
    "singles": 1500,
    "doubles": 1259.2103214336046,
    "singles_games": 0,
    "doubles_games": 10
  },
  "Ben": {
    "singles": 1500,
    "doubles": 1393.5213902851908,
    "singles_games": 0,
    "doubles_games": 15
  },
  "Morgan": {
    "singles": 1500,
    "doubles": 1542.01210536075,
    "singles_games": 0,
    "doubles_games": 1
  },
  "Misha": {
    "singles": 1657.4985381726501,
    "doubles": 1600.997180618787,
    "singles_games": 9,
    "doubles_games": 40
  },
  "Ed": {
    "singles": 1500,
    "doubles": 1324.2305554644354,
    "singles_games": 0,
    "doubles_games": 12
  },
  "Nola": {
    "singles": 1552.400936321984,
    "doubles": 1436.3934488030443,
    "singles_games": 9,
    "doubles_games": 46
  },
  "Sehon": {
    "singles": 1364.0340547528872,
    "doubles": 1593.7816056437289,
    "singles_games": 4,
    "doubles_games": 25
  },
  "Timur": {
    "singles": 1425.5588317479821,
    "doubles": 1529.3951732434953,
    "singles_games": 5,
    "doubles_games": 7
  },
  "Sounak": {
    "singles": 1500,
    "doubles": 1319.7522565334723,
    "singles_games": 0,
    "doubles_games": 6
  },
  "Evan": {
    "singles": 1543.7741658641546,
    "doubles": 1516.8900921068248,
    "singles_games": 1,
    "doubles_games": 7
  },
  "Emiliano": {
    "singles": 1529.2521374063633,
    "doubles": 1573.4437287418868,
    "singles_games": 1,
    "doubles_games": 17
  },
  "Hao": {
    "singles": 1500,
    "doubles": 1476.6283483300897,
    "singles_games": 0,
    "doubles_games": 10
  },
  "Nicole": {
    "singles": 1500,
    "doubles": 1554.5800964094917,
    "singles_games": 0,
    "doubles_games": 9
  },
  "Alex ": {
    "singles": 1500,
    "doubles": 1622.7454424915134,
    "singles_games": 0,
    "doubles_games": 6
  },
  "Aiden": {
    "singles": 1548.0,
    "doubles": 1406.81936801302,
    "singles_games": 1,
    "doubles_games": 10
  },
  "Martin": {
    "singles": 1500,
    "doubles": 1531.4790327205537,
    "singles_games": 0,
    "doubles_games": 10
  },
  "Archie": {
    "singles": 1444.7624324308456,
    "doubles": 1222.2614471952008,
    "singles_games": 1,
    "doubles_games": 11
  },
  "Fergus": {
    "singles": 1393.6410548338752,
    "doubles": 1608.7015576182423,
    "singles_games": 5,
    "doubles_games": 4
  },
  "Jeremy": {
    "singles": 1500,
    "doubles": 1520.1245203486696,
    "singles_games": 0,
    "doubles_games": 3
  },
  "Samuel": {
    "singles": 1221.6797724175108,
    "doubles": 1202.7556290002935,
    "singles_games": 7,
    "doubles_games": 11
  },
  "Sophia": {
    "singles": 1500,
    "doubles": 1508.204405346108,
    "singles_games": 0,
    "doubles_games": 5
  },
  "Arjun": {
    "singles": 1460.8675380209947,
    "doubles": 1349.0742610890625,
    "singles_games": 1,
    "doubles_games": 6
  },
  "Gabriel": {
    "singles": 1356.4967339100413,
    "doubles": 1500,
    "singles_games": 2,
    "doubles_games": 0
  },
  "Ayan": {
    "singles": 1394.8479202911403,
    "doubles": 1500,
    "singles_games": 2,
    "doubles_games": 0
  },
  "Alex": {
    "singles": 1452.0,
    "doubles": 1500,
    "singles_games": 1,
    "doubles_games": 0
  }
}